frame,timestamp,fps,objects,contact_type,contact_active,is_persisting,flickers_so_far
0,20:18:34.128,0.2,3,NO,0,0,0
1,20:18:34.225,10.3,3,NO,0,0,0
2,20:18:34.253,35.5,3,NO,0,0,0
3,20:18:34.328,13.2,3,NO,0,0,0
4,20:18:34.362,30.1,3,NO,0,0,0
5,20:18:34.392,33.3,3,NO,0,0,0
6,20:18:34.496,9.6,3,NO,0,0,0
7,20:18:34.530,29.4,3,NO,0,0,0
8,20:18:34.560,33.1,3,NO,0,0,0
9,20:18:34.641,12.4,3,NO,0,0,0
10,20:18:34.686,22.5,2,NO,0,0,0
11,20:18:34.717,31.5,2,NO,0,0,0
12,20:18:34.798,12.5,2,NO,0,0,0
13,20:18:34.827,34.4,2,NO,0,0,0
14,20:18:34.862,28.0,2,NO,0,0,0
15,20:18:34.979,8.6,2,NO,0,0,0
16,20:18:35.013,28.8,2,NO,0,0,0
17,20:18:35.052,25.6,2,NO,0,0,0
18,20:18:35.152,10.0,2,NO,0,0,0
19,20:18:35.190,26.4,2,NO,0,0,0
20,20:18:35.238,21.2,2,NO,0,0,0
21,20:18:35.335,10.2,2,NO,0,0,0
22,20:18:35.376,25.1,2,NO,0,0,0
23,20:18:35.408,30.1,2,NO,0,0,0
24,20:18:35.489,12.4,2,NO,0,0,0
25,20:18:35.530,24.7,2,NO,0,0,0
26,20:18:35.560,33.0,2,NO,0,0,0
27,20:18:35.638,12.9,2,NO,0,0,0
28,20:18:35.670,31.3,2,NO,0,0,0
29,20:18:35.706,27.3,2,NO,0,0,0
30,20:18:35.814,9.3,2,NO,0,0,0
31,20:18:35.842,35.4,2,NO,0,0,0
32,20:18:35.874,32.4,2,NO,0,0,0
33,20:18:35.958,11.9,2,NO,0,0,0
34,20:18:35.995,26.7,2,NO,0,0,0
35,20:18:36.026,32.1,2,NO,0,0,0
36,20:18:36.105,12.7,2,NO,0,0,0
37,20:18:36.140,27.9,2,NO,0,0,0
38,20:18:36.189,20.4,2,NO,0,0,0
39,20:18:36.280,11.1,2,NO,0,0,0
40,20:18:36.323,22.7,1,NO,0,0,0
41,20:18:36.351,36.5,1,NO,0,0,0
42,20:18:36.440,11.2,1,NO,0,0,0
43,20:18:36.485,22.8,1,NO,0,0,0
44,20:18:36.526,24.1,1,NO,0,0,0
45,20:18:36.605,12.6,1,NO,0,0,0
46,20:18:36.634,35.2,1,NO,0,0,0
47,20:18:36.666,31.1,1,NO,0,0,0
48,20:18:36.773,9.3,1,NO,0,0,0
49,20:18:36.810,27.5,1,NO,0,0,0
50,20:18:36.880,14.1,2,TOUCH,1,0,1
51,20:18:36.975,10.6,2,TOUCH,1,0,1
52,20:18:37.011,27.9,2,TOUCH,1,0,1
53,20:18:37.041,32.3,2,TOUCH,1,0,1
54,20:18:37.123,12.3,2,TOUCH,1,0,1
55,20:18:37.175,19.3,2,TOUCH,1,0,1
56,20:18:37.217,23.2,2,TOUCH,1,0,1
57,20:18:37.312,10.6,2,TOUCH,1,0,1
58,20:18:37.354,23.5,2,TOUCH,1,0,1
59,20:18:37.385,32.6,2,TOUCH,1,0,1
60,20:18:37.508,8.1,3,PERSIST,1,1,1
61,20:18:37.542,29.8,3,PERSIST,1,1,1
62,20:18:37.573,32.0,3,PERSIST,1,1,1
63,20:18:37.656,12.0,3,PERSIST,1,1,1
64,20:18:37.702,21.9,3,PERSIST,1,1,1
65,20:18:37.748,21.4,3,PERSIST,1,1,1
66,20:18:37.825,13.1,3,PERSIST,1,1,1
67,20:18:37.870,22.3,3,PERSIST,1,1,1
68,20:18:37.922,19.1,3,PERSIST,1,1,1
69,20:18:38.013,11.0,3,PERSIST,1,1,1
70,20:18:38.080,14.9,3,GRIP,1,0,1
71,20:18:38.132,19.3,3,GRIP,1,0,1
72,20:18:38.233,9.9,3,GRIP,1,0,1
73,20:18:38.277,22.6,3,GRIP,1,0,1
74,20:18:38.324,21.2,3,GRIP,1,0,1
75,20:18:38.417,10.7,3,GRIP,1,0,1
76,20:18:38.451,30.0,3,GRIP,1,0,1
77,20:18:38.518,14.8,3,GRIP,1,0,1
78,20:18:38.633,8.7,3,GRIP,1,0,1
79,20:18:38.670,26.5,3,GRIP,1,0,1
80,20:18:38.721,20.1,5,GRIP,1,0,1
81,20:18:38.833,8.9,5,GRIP,1,0,1
82,20:18:38.872,25.6,5,GRIP,1,0,1
83,20:18:38.922,20.1,5,GRIP,1,0,1
84,20:18:39.037,8.7,5,GRIP,1,0,1
85,20:18:39.076,26.7,5,GRIP,1,0,1
86,20:18:39.129,18.6,5,GRIP,1,0,1
87,20:18:39.244,8.7,5,GRIP,1,0,1
88,20:18:39.278,29.2,5,GRIP,1,0,1
89,20:18:39.312,30.0,5,GRIP,1,0,1
90,20:18:39.444,7.5,3,GRIP,1,0,1
91,20:18:39.487,23.8,3,GRIP,1,0,1
92,20:18:39.534,20.9,3,GRIP,1,0,1
93,20:18:39.646,9.0,3,GRIP,1,0,1
94,20:18:39.689,23.2,3,GRIP,1,0,1
95,20:18:39.734,22.0,3,TOUCH,1,0,1
96,20:18:39.848,8.8,3,GRIP,1,0,1
97,20:18:39.878,32.1,3,GRIP,1,0,1
98,20:18:39.933,18.4,3,GRIP,1,0,1
99,20:18:40.045,9.0,3,PERSIST,1,1,1
100,20:18:40.111,14.9,1,GRIP,1,0,1
101,20:18:40.160,20.6,1,GRIP,1,0,1
102,20:18:40.280,8.3,1,GRIP,1,0,1
103,20:18:40.313,30.7,1,GRIP,1,0,1
104,20:18:40.344,31.9,1,PERSIST,1,1,1
105,20:18:40.447,9.7,1,PERSIST,1,1,1
106,20:18:40.485,26.8,1,PERSIST,1,1,1
107,20:18:40.516,32.2,1,PERSIST,1,1,1
108,20:18:40.616,10.0,1,PERSIST,1,1,1
109,20:18:40.656,25.2,1,PERSIST,1,1,1
110,20:18:40.703,21.2,2,PERSIST,1,1,1
111,20:18:40.800,10.3,2,PERSIST,1,1,1
112,20:18:40.838,26.2,2,PERSIST,1,1,1
113,20:18:40.875,27.0,2,PERSIST,1,1,1
114,20:18:40.978,9.8,2,GRIP,1,0,1
115,20:18:41.019,24.3,2,GRIP,1,0,1
116,20:18:41.070,19.3,2,GRIP,1,0,1
117,20:18:41.170,10.1,2,GRIP,1,0,1
118,20:18:41.203,30.1,2,GRIP,1,0,1
119,20:18:41.235,31.2,2,GRIP,1,0,1
120,20:18:41.328,10.7,3,GRIP,1,0,1
121,20:18:41.362,29.9,3,GRIP,1,0,1
122,20:18:41.418,17.9,3,GRIP,1,0,1
123,20:18:41.507,11.2,3,GRIP,1,0,1
124,20:18:41.555,21.0,3,GRIP,1,0,1
125,20:18:41.617,16.0,3,GRIP,1,0,1
126,20:18:41.719,9.7,3,GRIP,1,0,1
127,20:18:41.753,30.1,3,GRIP,1,0,1
128,20:18:41.784,32.4,3,GRIP,1,0,1
129,20:18:41.861,12.9,3,GRIP,1,0,1
130,20:18:41.911,20.2,3,GRIP,1,0,1
131,20:18:41.957,21.6,3,GRIP,1,0,1
132,20:18:42.060,9.7,3,GRIP,1,0,1
133,20:18:42.100,25.1,3,GRIP,1,0,1
134,20:18:42.131,31.9,3,GRIP,1,0,1
135,20:18:42.208,13.1,3,GRIP,1,0,1
136,20:18:42.245,27.1,3,GRIP,1,0,1
137,20:18:42.291,21.8,3,GRIP,1,0,1
138,20:18:42.387,10.4,3,GRIP,1,0,1
139,20:18:42.431,21.9,3,GRIP,1,0,1
140,20:18:42.497,15.3,4,GRIP,1,0,1
141,20:18:42.594,10.3,4,GRIP,1,0,1
142,20:18:42.629,29.3,4,GRIP,1,0,1
143,20:18:42.678,20.3,4,GRIP,1,0,1
144,20:18:42.779,9.9,4,GRIP,1,0,1
145,20:18:42.819,25.0,4,GRIP,1,0,1
146,20:18:42.866,21.2,4,GRIP,1,0,1
147,20:18:42.967,9.9,4,GRIP,1,0,1
148,20:18:43.005,25.9,4,GRIP,1,0,1
149,20:18:43.060,18.6,4,GRIP,1,0,1
150,20:18:43.159,10.1,3,GRIP,1,0,1
151,20:18:43.220,16.5,3,GRIP,1,0,1
152,20:18:43.255,28.1,3,GRIP,1,0,1
153,20:18:43.358,9.7,3,GRIP,1,0,1
154,20:18:43.394,27.8,3,GRIP,1,0,1
155,20:18:43.452,17.3,3,GRIP,1,0,1
156,20:18:43.534,12.3,3,GRIP,1,0,1
157,20:18:43.581,20.7,3,GRIP,1,0,1
158,20:18:43.636,18.4,3,GRIP,1,0,1
159,20:18:43.728,10.9,3,GRIP,1,0,1
160,20:18:43.784,17.9,3,GRIP,1,0,1
161,20:18:43.834,20.1,3,GRIP,1,0,1
162,20:18:43.927,10.7,3,GRIP,1,0,1
163,20:18:43.973,21.8,3,GRIP,1,0,1
164,20:18:44.024,19.7,3,GRIP,1,0,1
165,20:18:44.133,9.2,3,GRIP,1,0,1
166,20:18:44.181,20.6,3,GRIP,1,0,1
167,20:18:44.229,21.2,3,GRIP,1,0,1
168,20:18:44.329,10.0,3,GRIP,1,0,1
169,20:18:44.360,32.4,3,GRIP,1,0,1
170,20:18:44.413,18.5,3,GRIP,1,0,1
171,20:18:44.526,8.8,3,GRIP,1,0,1
172,20:18:44.568,24.3,3,GRIP,1,0,1
173,20:18:44.622,18.5,3,GRIP,1,0,1
174,20:18:44.728,9.4,3,GRIP,1,0,1
175,20:18:44.771,23.2,3,GRIP,1,0,1
176,20:18:44.819,20.5,3,GRIP,1,0,1
177,20:18:44.931,9.0,3,GRIP,1,0,1
178,20:18:44.978,20.9,3,GRIP,1,0,1
179,20:18:45.022,23.0,3,GRIP,1,0,1
180,20:18:45.153,7.6,3,GRIP,1,0,1
181,20:18:45.191,26.1,3,GRIP,1,0,1
182,20:18:45.225,29.6,3,GRIP,1,0,1
183,20:18:45.344,8.4,3,GRIP,1,0,1
184,20:18:45.379,28.7,3,GRIP,1,0,1
185,20:18:45.410,32.0,3,GRIP,1,0,1
186,20:18:45.510,10.1,3,GRIP,1,0,1
187,20:18:45.556,21.7,3,GRIP,1,0,1
188,20:18:45.607,19.3,3,GRIP,1,0,1
189,20:18:45.715,9.2,3,GRIP,1,0,1
190,20:18:45.771,18.0,1,PERSIST,1,1,1
191,20:18:45.821,20.2,1,PERSIST,1,1,1
192,20:18:45.936,8.6,1,PERSIST,1,1,1
193,20:18:45.970,29.3,1,PERSIST,1,1,1
194,20:18:46.004,30.2,1,PERSIST,1,1,1
195,20:18:46.127,8.1,1,TOUCH,1,0,1
196,20:18:46.159,30.1,1,TOUCH,1,0,1
197,20:18:46.227,14.8,1,TOUCH,1,0,1
198,20:18:46.343,8.7,1,TOUCH,1,0,1
199,20:18:46.376,29.5,1,TOUCH,1,0,1
200,20:18:46.425,20.7,2,GRIP,1,0,1
201,20:18:46.529,9.6,2,GRIP,1,0,1
202,20:18:46.566,27.1,2,GRIP,1,0,1
203,20:18:46.597,32.4,2,GRIP,1,0,1
204,20:18:46.702,9.5,2,GRIP,1,0,1
205,20:18:46.737,28.2,2,GRIP,1,0,1
206,20:18:46.789,19.5,2,GRIP,1,0,1
207,20:18:46.910,8.2,2,GRIP,1,0,1
208,20:18:46.959,20.4,2,GRIP,1,0,1
209,20:18:47.011,19.1,2,GRIP,1,0,1
210,20:18:47.151,7.1,4,GRIP,1,0,1
211,20:18:47.199,21.2,4,GRIP,1,0,1
212,20:18:47.246,21.1,4,GRIP,1,0,1
213,20:18:47.362,8.6,4,GRIP,1,0,1
214,20:18:47.406,22.8,4,GRIP,1,0,1
215,20:18:47.438,31.6,4,GRIP,1,0,1
216,20:18:47.543,9.5,4,GRIP,1,0,1
217,20:18:47.576,30.2,4,GRIP,1,0,1
218,20:18:47.605,33.8,4,TOUCH,1,0,1
219,20:18:47.732,8.0,4,GRIP,1,0,1
220,20:18:47.780,20.8,1,PERSIST,1,1,1
221,20:18:47.812,30.0,1,PERSIST,1,1,1
222,20:18:47.939,7.9,1,PERSIST,1,1,1
223,20:18:47.985,22.2,1,PERSIST,1,1,1
224,20:18:48.033,20.8,1,PERSIST,1,1,1
225,20:18:48.152,8.4,1,PERSIST,1,1,1
226,20:18:48.187,28.3,1,PERSIST,1,1,1
227,20:18:48.236,20.3,1,PERSIST,1,1,1
228,20:18:48.359,8.2,1,PERSIST,1,1,1
229,20:18:48.406,21.0,1,PERSIST,1,1,1
230,20:18:48.465,17.1,2,PERSIST,1,1,1
231,20:18:48.565,10.0,2,PERSIST,1,1,1
232,20:18:48.621,17.6,2,PERSIST,1,1,1
233,20:18:48.664,23.6,2,PERSIST,1,1,1
234,20:18:48.769,9.5,2,PERSIST,1,1,1
235,20:18:48.801,30.5,2,NO,0,0,2
236,20:18:48.836,29.7,2,NO,0,0,2
237,20:18:48.937,9.8,2,NO,0,0,2
238,20:18:48.977,25.4,2,NO,0,0,2
239,20:18:49.011,29.0,2,NO,0,0,2
240,20:18:49.126,8.7,1,NO,0,0,2
241,20:18:49.166,24.6,1,NO,0,0,2
242,20:18:49.221,18.5,1,NO,0,0,2
243,20:18:49.334,8.8,1,NO,0,0,2
244,20:18:49.365,31.6,1,NO,0,0,2
245,20:18:49.400,29.1,1,NO,0,0,2
246,20:18:49.519,8.4,1,NO,0,0,2
247,20:18:49.551,31.4,1,NO,0,0,2
248,20:18:49.583,31.3,1,NO,0,0,2
249,20:18:49.680,10.3,1,NO,0,0,2
250,20:18:49.741,16.4,1,NO,0,0,2
251,20:18:49.785,22.4,1,NO,0,0,2
252,20:18:49.884,10.1,1,NO,0,0,2
253,20:18:49.927,23.3,1,NO,0,0,2
254,20:18:49.957,33.8,1,NO,0,0,2
255,20:18:50.052,10.4,1,NO,0,0,2
256,20:18:50.083,33.2,1,NO,0,0,2
257,20:18:50.118,28.2,1,NO,0,0,2
258,20:18:50.235,8.5,1,NO,0,0,2
259,20:18:50.274,26.0,1,NO,0,0,2
260,20:18:50.339,15.4,3,NO,0,0,2
261,20:18:50.447,9.2,3,NO,0,0,2
262,20:18:50.492,22.3,3,NO,0,0,2
263,20:18:50.521,34.3,3,NO,0,0,2
264,20:18:50.619,10.2,3,NO,0,0,2
265,20:18:50.660,24.1,3,NO,0,0,2
266,20:18:50.702,24.0,3,NO,0,0,2
267,20:18:50.825,8.1,3,NO,0,0,2
268,20:18:50.862,26.9,3,NO,0,0,2
269,20:18:50.897,29.1,3,NO,0,0,2
270,20:18:51.010,8.8,2,NO,0,0,2
271,20:18:51.045,27.9,2,NO,0,0,2
272,20:18:51.084,26.5,2,NO,0,0,2
273,20:18:51.187,9.7,2,NO,0,0,2
274,20:18:51.220,30.4,2,NO,0,0,2
275,20:18:51.253,29.6,2,NO,0,0,2
276,20:18:51.330,13.1,2,NO,0,0,2
277,20:18:51.362,30.9,2,NO,0,0,2
278,20:18:51.398,27.5,2,NO,0,0,2
279,20:18:51.489,10.9,2,NO,0,0,2
280,20:18:51.548,17.3,3,NO,0,0,2
281,20:18:51.579,32.2,3,NO,0,0,2
282,20:18:51.668,11.2,3,NO,0,0,2
283,20:18:51.707,25.6,3,NO,0,0,2
284,20:18:51.741,29.5,3,NO,0,0,2
285,20:18:51.818,13.0,3,NO,0,0,2
286,20:18:51.849,33.0,3,NO,0,0,2
287,20:18:51.884,27.9,3,NO,0,0,2
288,20:18:52.006,8.2,3,NO,0,0,2
289,20:18:52.038,31.8,3,NO,0,0,2
290,20:18:52.091,18.8,2,NO,0,0,2
291,20:18:52.191,10.0,2,NO,0,0,2
292,20:18:52.236,22.2,2,NO,0,0,2
293,20:18:52.281,22.3,2,NO,0,0,2
294,20:18:52.376,10.5,2,NO,0,0,2
295,20:18:52.418,23.4,2,NO,0,0,2
296,20:18:52.465,21.0,2,NO,0,0,2
297,20:18:52.566,10.0,2,NO,0,0,2
298,20:18:52.606,25.1,2,NO,0,0,2
299,20:18:52.653,20.9,2,NO,0,0,2
300,20:18:52.765,9.0,2,NO,0,0,2
301,20:18:52.828,15.7,2,NO,0,0,2
302,20:18:52.856,36.2,2,NO,0,0,2
303,20:18:52.935,12.7,2,NO,0,0,2
304,20:18:52.964,34.6,2,NO,0,0,2
305,20:18:52.995,31.5,2,NO,0,0,2
306,20:18:53.072,13.1,2,NO,0,0,2
307,20:18:53.106,29.6,2,NO,0,0,2
308,20:18:53.136,32.7,2,NO,0,0,2
309,20:18:53.213,13.1,2,NO,0,0,2
310,20:18:53.271,17.2,1,NO,0,0,2
311,20:18:53.307,27.4,1,NO,0,0,2
312,20:18:53.385,12.9,1,NO,0,0,2
313,20:18:53.418,30.0,1,NO,0,0,2
314,20:18:53.450,31.3,1,NO,0,0,2
315,20:18:53.529,12.7,1,TOUCH,1,0,3
316,20:18:53.575,21.5,1,TOUCH,1,0,3
317,20:18:53.629,18.7,1,TOUCH,1,0,3
318,20:18:53.714,11.8,1,TOUCH,1,0,3
319,20:18:53.761,21.2,1,TOUCH,1,0,3
320,20:18:53.822,16.2,2,TOUCH,1,0,3
321,20:18:53.897,13.3,2,PERSIST,1,1,3
322,20:18:53.930,30.6,2,PERSIST,1,1,3
323,20:18:53.960,33.0,2,PERSIST,1,1,3
324,20:18:54.046,11.7,2,PERSIST,1,1,3
325,20:18:54.087,24.3,2,PERSIST,1,1,3
326,20:18:54.120,29.6,2,PERSIST,1,1,3
327,20:18:54.229,9.2,2,PERSIST,1,1,3
328,20:18:54.282,18.9,2,PERSIST,1,1,3
329,20:18:54.325,23.2,2,PERSIST,1,1,3
330,20:18:54.446,8.3,3,PERSIST,1,1,3
331,20:18:54.476,33.4,3,PERSIST,1,1,3
332,20:18:54.528,19.3,3,PERSIST,1,1,3
333,20:18:54.639,9.0,3,PERSIST,1,1,3
334,20:18:54.679,25.0,3,PERSIST,1,1,3
335,20:18:54.711,31.0,3,PERSIST,1,1,3
336,20:18:54.799,11.3,3,NO,0,0,4
337,20:18:54.831,32.0,3,NO,0,0,4
338,20:18:54.867,27.8,3,NO,0,0,4
339,20:18:54.979,8.8,3,TOUCH,1,0,5
340,20:18:55.039,17.0,2,PERSIST,1,1,5
341,20:18:55.069,33.0,2,PERSIST,1,1,5
342,20:18:55.163,10.6,2,PERSIST,1,1,5
343,20:18:55.193,33.4,2,PERSIST,1,1,5
344,20:18:55.222,35.1,2,PERSIST,1,1,5
345,20:18:55.320,10.2,2,TOUCH,1,0,5
346,20:18:55.365,22.3,2,TOUCH,1,0,5
347,20:18:55.418,18.9,2,TOUCH,1,0,5
348,20:18:55.520,9.8,2,TOUCH,1,0,5
349,20:18:55.550,32.9,2,TOUCH,1,0,5
350,20:18:55.598,20.9,2,TOUCH,1,0,5
351,20:18:55.688,11.1,2,TOUCH,1,0,5
352,20:18:55.724,28.1,2,TOUCH,1,0,5
353,20:18:55.754,32.8,2,TOUCH,1,0,5
354,20:18:55.848,10.6,2,TOUCH,1,0,5
355,20:18:55.876,35.9,2,TOUCH,1,0,5
356,20:18:55.911,28.4,2,TOUCH,1,0,5
357,20:18:56.005,10.7,2,PERSIST,1,1,5
358,20:18:56.035,33.6,2,PERSIST,1,1,5
359,20:18:56.064,34.4,2,PERSIST,1,1,5
360,20:18:56.170,9.5,2,PERSIST,1,1,5
361,20:18:56.207,26.9,2,PERSIST,1,1,5
362,20:18:56.238,31.8,2,PERSIST,1,1,5
363,20:18:56.329,10.9,2,PERSIST,1,1,5
364,20:18:56.362,30.2,2,PERSIST,1,1,5
365,20:18:56.392,33.8,2,PERSIST,1,1,5
366,20:18:56.478,11.7,2,PERSIST,1,1,5
367,20:18:56.516,26.4,2,PERSIST,1,1,5
368,20:18:56.549,30.5,2,PERSIST,1,1,5
369,20:18:56.639,11.0,2,PERSIST,1,1,5
370,20:18:56.694,18.1,2,PERSIST,1,1,5
371,20:18:56.740,21.8,2,PERSIST,1,1,5
372,20:18:56.841,10.0,2,NO,0,0,6
373,20:18:56.869,35.3,2,NO,0,0,6
374,20:18:56.912,23.2,2,NO,0,0,6
375,20:18:57.028,8.6,2,NO,0,0,6
376,20:18:57.067,25.9,2,NO,0,0,6
377,20:18:57.109,23.7,2,NO,0,0,6
378,20:18:57.192,12.0,2,NO,0,0,6
379,20:18:57.237,22.0,2,NO,0,0,6
380,20:18:57.302,15.8,2,NO,0,0,6
381,20:18:57.386,11.7,2,NO,0,0,6
382,20:18:57.447,16.8,2,NO,0,0,6
383,20:18:57.486,25.0,2,NO,0,0,6
384,20:18:57.586,10.0,2,NO,0,0,6
385,20:18:57.623,26.7,2,NO,0,0,6
386,20:18:57.658,29.8,2,NO,0,0,6
387,20:18:57.746,11.2,2,NO,0,0,6
388,20:18:57.785,25.5,2,NO,0,0,6
389,20:18:57.814,35.2,2,NO,0,0,6
390,20:18:57.917,9.7,2,NO,0,0,6
391,20:18:57.953,27.7,2,NO,0,0,6
392,20:18:57.992,25.7,2,NO,0,0,6
393,20:18:58.114,8.2,2,NO,0,0,6
394,20:18:58.168,18.4,2,NO,0,0,6
395,20:18:58.216,20.7,2,NO,0,0,6
396,20:18:58.324,9.3,2,NO,0,0,6
397,20:18:58.360,27.6,2,NO,0,0,6
398,20:18:58.401,24.1,2,NO,0,0,6
399,20:18:58.535,7.5,2,NO,0,0,6
400,20:18:58.586,19.8,2,NO,0,0,6
401,20:18:58.628,23.7,2,NO,0,0,6
402,20:18:58.720,10.9,2,NO,0,0,6
403,20:18:58.754,29.2,2,NO,0,0,6
404,20:18:58.783,34.3,2,NO,0,0,6
405,20:18:58.909,7.9,2,NO,0,0,6
406,20:18:58.960,19.8,2,NO,0,0,6
407,20:18:59.001,24.0,2,NO,0,0,6
408,20:18:59.121,8.4,2,NO,0,0,6
409,20:18:59.152,31.3,2,NO,0,0,6
410,20:18:59.196,22.6,2,NO,0,0,6
411,20:18:59.305,9.2,2,NO,0,0,6
412,20:18:59.339,29.6,2,NO,0,0,6
413,20:18:59.385,21.8,2,NO,0,0,6
414,20:18:59.503,8.5,2,NO,0,0,6
415,20:18:59.537,29.6,2,NO,0,0,6
416,20:18:59.569,31.2,2,NO,0,0,6
417,20:18:59.666,10.3,2,NO,0,0,6
418,20:18:59.708,23.3,2,NO,0,0,6
419,20:18:59.741,30.8,2,NO,0,0,6
420,20:18:59.856,8.7,2,NO,0,0,6
421,20:18:59.885,33.8,2,NO,0,0,6
422,20:18:59.929,22.9,2,NO,0,0,6
423,20:19:00.032,9.6,2,NO,0,0,6
424,20:19:00.073,24.5,2,NO,0,0,6
425,20:19:00.117,23.1,2,NO,0,0,6
426,20:19:00.222,9.6,2,NO,0,0,6
427,20:19:00.258,27.3,2,NO,0,0,6
428,20:19:00.314,17.8,2,NO,0,0,6
429,20:19:00.439,8.0,2,NO,0,0,6
430,20:19:00.499,16.8,2,NO,0,0,6
431,20:19:00.535,27.5,2,NO,0,0,6
432,20:19:00.650,8.7,2,NO,0,0,6
433,20:19:00.685,28.7,2,NO,0,0,6
434,20:19:00.723,26.2,2,NO,0,0,6
435,20:19:00.850,7.9,2,NO,0,0,6
436,20:19:00.890,25.2,2,NO,0,0,6
437,20:19:00.926,27.7,2,NO,0,0,6
438,20:19:01.051,8.0,2,NO,0,0,6
439,20:19:01.095,22.8,2,NO,0,0,6
440,20:19:01.162,14.7,3,NO,0,0,6
441,20:19:01.283,8.3,3,NO,0,0,6
442,20:19:01.324,24.4,3,NO,0,0,6
443,20:19:01.368,23.1,3,NO,0,0,6
444,20:19:01.484,8.6,3,NO,0,0,6
445,20:19:01.529,22.3,3,NO,0,0,6
446,20:19:01.578,20.0,3,NO,0,0,6
447,20:19:01.699,8.3,3,NO,0,0,6
448,20:19:01.729,33.7,3,NO,0,0,6
449,20:19:01.785,17.7,3,NO,0,0,6
450,20:19:01.912,7.9,2,NO,0,0,6
451,20:19:01.945,30.4,2,NO,0,0,6
452,20:19:01.973,36.3,2,NO,0,0,6
453,20:19:02.089,8.6,2,NO,0,0,6
454,20:19:02.120,31.6,2,NO,0,0,6
455,20:19:02.168,20.8,2,NO,0,0,6
456,20:19:02.302,7.5,2,NO,0,0,6
457,20:19:02.349,21.2,2,NO,0,0,6
458,20:19:02.397,20.7,2,NO,0,0,6
459,20:19:02.511,8.8,2,NO,0,0,6
460,20:19:02.560,20.5,2,NO,0,0,6
461,20:19:02.591,31.7,2,NO,0,0,6
462,20:19:02.716,8.0,2,NO,0,0,6
463,20:19:02.750,30.1,2,NO,0,0,6
464,20:19:02.780,33.0,2,NO,0,0,6
465,20:19:02.890,9.1,2,NO,0,0,6
466,20:19:02.917,36.7,2,NO,0,0,6
467,20:19:02.943,37.7,2,NO,0,0,6
468,20:19:03.048,9.6,2,NO,0,0,6
469,20:19:03.075,36.1,2,NO,0,0,6
470,20:19:03.120,22.7,2,NO,0,0,6
471,20:19:03.222,9.8,2,NO,0,0,6
472,20:19:03.247,38.7,2,NO,0,0,6
473,20:19:03.282,28.8,2,NO,0,0,6
474,20:19:03.385,9.8,2,NO,0,0,6
